<?xml version="1.0" encoding="utf-8"?>
<Driver Name="AWS_Python_Connected_Driver" Version="1.1.1" MainClass="PythonDriver.AWSPythonConnectedDriver" Description="AWS Resource Driver">
  <Layout>
      <Category Name="Deployment">
          <Command Description="Deploy from AWS Device Farm" DisplayName="Deploy From Device Farm" Name="deploy_from_device_farm" Tags="allow_unreserved" />
      </Category>
      <Category Name="Installation">
          <Command Description="Install App on AWS Device Farm device" DisplayName="Install App on AWS Device Farm device" Name="upload_app" Tags="allow_shared" />
          <Command Description="Install App on AWS Device Farm device" DisplayName="Install App on AWS Device Farm device" Name="upload_app_connected" Tags="remote_app_management,allow_shared" />
      </Category>
    <Category Name="Connectivity">
      <Command Description="Refresh the IP of an Instance" DisplayName="Refresh IP" EnableCancellation="true" Name="remote_refresh_ip" Tags="remote_connectivity,allow_shared" />
    </Category>
    <Category Name="App Management">
        <Command Description="" DisplayName="Delete Resource" Name="delete_resource_only" Tags="remote_app_management,allow_shared" />
        <Command Description="" DisplayName="Delete" Name="destroy_vm_only" Tags="remote_app_management,allow_shared" />
        <Command Description="" DisplayName="Status" Name="show_status" Tags="remote_app_management,allow_shared" />
        <Command Description="" DisplayName="Refresh GUI Link" Name="refresh_gui_link" Tags="remote_app_management,allow_shared" />
    </Category>
    <Category Name="Hidden Commands">
      <Command Description="" DisplayName="Delete VM Only" Name="destroy_vm_only" Tags="remote_app_management" />
      <Command Description="" DisplayName="Power Cycle" Name="PowerCycle" Tags="power" />
    </Category>
    <Category Name="Power">
        <Command Description="Power on the instance" DisplayName="Power On" Name="PowerOn" Tags="power,allow_shared" />
        <Command Description="Power off the instance" DisplayName="Power Off" Name="PowerOff" Tags="power,allow_shared" />
    </Category>
  </Layout>
</Driver>
